,레시피명
1,칼륨 듬뿍 고구마죽
2,누룽지 두부 계란죽
3,오색지라시 스시
4,두부 곤약 나물 비빔밥
5,저염 간장을 이용한 닭개장 비빔밥
6,취나물 비빔밥 & 청국장 쌈장
7,해물 채소장을 넣은 곰취 쌈밥
8,단호박 케일밥
9,오색영양밥 롤
10,새우 두부 계란찜
11,부추 콩가루 찜
12,연근 구기자 물김치
13,방울토마토 소박이
14,순두부 사과 소스 오이무침
15,사과 새우 북엇국
16,사탕절편 떡국
17,두부 표고 완자탕
18,저염 된장으로 맛을 낸 황태해장국
19,된장국
20,표고버섯 청경채국
21,치커리샐러드와 올리브 마늘 소스
22,구운가지 닭가슴살 샐러드와 들깨소스
23,스트로베리 샐러드
24,유자꿀드레싱을 곁들인 곤드레 단호박 크로켓 샐러드
25,시금치 우유 소스와 그린매쉬드포테이토
26,모과 소스를 곁들인 채소두부
27,버섯구이와 두부타르타르 소스
28,새우살 두부완자 샐러드와 매실 생강 소스
29,구운채소와 간장레몬 소스
30,브로콜리 컬리플라워 샐러드와 두유 요거트 소스
31,비빔 메밀냉채
32,약재 소스를 곁들인 닭가슴살롤
33,사과 레몬 대구 구이
34,유자 소스 동태살 구이
35,비네그레트 드레싱을 이용한 관자요리
36,곤드레도우와 레몬허니 소스 피자
37,청국장 실곤약 파스타
38,고소하고 담백한 너트국수
39,메밀꽃 필 국수
40,적양배추 순두부 푸딩
41,청포묵을 이용한 사과오렌지 젤리
42,오렌지 당근펀치
43,누룽지 요거트 파르페
44,채소 자장면
45,칠곡석류국수
46,세 가지 소스의 파스타
47,블랙빈 곤약국수
48,닭가슴살 브로콜리 만두
49,구운고등어 & 감자수제비 파스타
50,두유 파스타
51,김치필라프 크런치롤
52,굴 쌈밥
53,함초 냉이 국수
54,흑두부 버섯비빔밥
55,하수오 구기자 밥 & 참나물 양념장
56,참치해초비빔밥 & 비트절임
57,유자 묵화반
58,롤 삼계탕
59,된장 두부찌개
60,부대된장찌개
61,청국장 가루 된장찌개
62,월남쌈우동면 & 저염토마토소스
63,고구마 무스와 칠리야채 말이
64,닭가슴살 오꼬노미야끼
65,제육볶음 또띠아 피자
66,치즈 크러스트 튜나
67,건강 돼지 보쌈
68,오색 완자탕수
69,두부 카나페
70,양배추감자전
71,비트를 곁들인 돼지 구이
72,발사믹 비네그레트를 이용한 쿠스쿠스 샐러드
73,찹쌀버섯탕수와 블루베리 소스
74,레몬 소스를 곁들인 채소크로켓
75,삼겹살 토마토 로메스코소스
76,머쉬룸 치킨 브리또
77,우둔살 쌈
78,라따뚜이 고구마 스틱과 수란의 만남
79,누룽지 카나페
80,와인두부를 이용한 저염 치즈 요거트 카나페
81,돌나물 샐러드
82,유자 얼갈이 배추김치
83,전복김치
84,단호박 들깨 꽁치조림
85,카레장
86,동태 백김치 말이
87,꽈리고추 명태찜
88,비트물김치
89,석류 보쌈김치
90,사과진피 코다리조림
91,유자 대구조림
92,파프리카 물김치
93,고추장 라따뚜이
94,깻잎 두부 참치 말이
95,감자전  피자
96,치킨 화이타
97,단호박 닭고기 들깨탕
98,아보카도샐러드 & 병아리콩 그라탕
99,두부김치버거
100,삼합 말이
101,민들레 샐러드
102,토마토 가지 카프레제
103,버섯샐러드
